{
    "context": "client",
    "identifier": "com.pa.therealf.maps",
    "display_name": "[WAF]TheRealF's Map Pack",
    "description": "Enjoy my custom systems made for team armies and FFAs.  Lot of crazy systems with funny and cool design + barren moon maps + a collection of existing maps modified by me. FIRST RELEASE, PLEASE REPORT BUGS",
    "author": "TheRealF",
    "version": "1.0",
    "build": "108271",
    "date": "2018-05-28",
    "signature": "not yet implemented",
    "forum": "https://github.com/gamechemistry/patitans",
    "icon": "https://github.com/gamechemistry/patitans/blob/master/JPEG_20180527_154736.jpg",
    "searchable": [
        "TheRealF",
        "WAF",
        "map",
        "pack",
        "maps",
        "realf"
    ],
    "priority": 100,
    "enabled": true,
    "dependencies": [
        "com.pa.conundrum.cShareSystems"
    ],
    "url": "https://github.com/gamechemistry/patitans/com.pa.therealf.maps.zip",
    "unitList": false,
    "fileSystem": false,
    "sort": "TheRealF's map pack",
    "authors": [
        "TRF",
    ],
    "timestamp": 1523059200000,
    "companions": [],
    "scenes": {
        "load_planet": [
            "coui://ui/mods/therealf/maps.js"
        ]
    },
    "framework": false,
    "available": true,
    "titansOnly": false,
    "classicOnly": false,
    "classic": false,
    "titans": false,
    "conflicts": {}
}